<annotation>
	<folder>images</folder>
	<filename>11.png</filename>
	<path>/home/epicbuilder2007/PycharmProjects/train/images/11.png</path>
	<source>
		<database>Unknown</database>
	</source>
	<size>
		<width>118</width>
		<height>99</height>
		<depth>3</depth>
	</size>
	<segmented>0</segmented>
	<object>
		<name>Iridium</name>
		<pose>Unspecified</pose>
		<truncated>0</truncated>
		<difficult>0</difficult>
		<bndbox>
			<xmin>10</xmin>
			<ymin>17</ymin>
			<xmax>96</xmax>
			<ymax>80</ymax>
		</bndbox>
	</object>
</annotation>
