<annotation>
	<folder>images</folder>
	<filename>12.png</filename>
	<path>/home/epicbuilder2007/PycharmProjects/train/images/12.png</path>
	<source>
		<database>Unknown</database>
	</source>
	<size>
		<width>100</width>
		<height>85</height>
		<depth>3</depth>
	</size>
	<segmented>0</segmented>
	<object>
		<name>Silicate</name>
		<pose>Unspecified</pose>
		<truncated>0</truncated>
		<difficult>0</difficult>
		<bndbox>
			<xmin>8</xmin>
			<ymin>12</ymin>
			<xmax>86</xmax>
			<ymax>74</ymax>
		</bndbox>
	</object>
</annotation>
