<annotation>
	<folder>images</folder>
	<filename>15.png</filename>
	<path>/home/epicbuilder2007/PycharmProjects/train/images/15.png</path>
	<source>
		<database>Unknown</database>
	</source>
	<size>
		<width>109</width>
		<height>89</height>
		<depth>3</depth>
	</size>
	<segmented>0</segmented>
	<object>
		<name>Iridium</name>
		<pose>Unspecified</pose>
		<truncated>0</truncated>
		<difficult>0</difficult>
		<bndbox>
			<xmin>13</xmin>
			<ymin>19</ymin>
			<xmax>97</xmax>
			<ymax>79</ymax>
		</bndbox>
	</object>
</annotation>
