<annotation>
	<folder>images</folder>
	<filename>16.png</filename>
	<path>/home/epicbuilder2007/PycharmProjects/train/images/16.png</path>
	<source>
		<database>Unknown</database>
	</source>
	<size>
		<width>81</width>
		<height>55</height>
		<depth>3</depth>
	</size>
	<segmented>0</segmented>
	<object>
		<name>Silicate</name>
		<pose>Unspecified</pose>
		<truncated>1</truncated>
		<difficult>0</difficult>
		<bndbox>
			<xmin>4</xmin>
			<ymin>1</ymin>
			<xmax>75</xmax>
			<ymax>49</ymax>
		</bndbox>
	</object>
</annotation>
