<annotation>
	<folder>images</folder>
	<filename>19.png</filename>
	<path>/home/epicbuilder2007/PycharmProjects/train/images/19.png</path>
	<source>
		<database>Unknown</database>
	</source>
	<size>
		<width>82</width>
		<height>61</height>
		<depth>3</depth>
	</size>
	<segmented>0</segmented>
	<object>
		<name>Silicate</name>
		<pose>Unspecified</pose>
		<truncated>0</truncated>
		<difficult>0</difficult>
		<bndbox>
			<xmin>5</xmin>
			<ymin>8</ymin>
			<xmax>78</xmax>
			<ymax>57</ymax>
		</bndbox>
	</object>
</annotation>
