<annotation>
	<folder>images</folder>
	<filename>2.png</filename>
	<path>/home/epicbuilder2007/PycharmProjects/train/images/2.png</path>
	<source>
		<database>Unknown</database>
	</source>
	<size>
		<width>87</width>
		<height>71</height>
		<depth>3</depth>
	</size>
	<segmented>0</segmented>
	<object>
		<name>Silicate</name>
		<pose>Unspecified</pose>
		<truncated>0</truncated>
		<difficult>0</difficult>
		<bndbox>
			<xmin>10</xmin>
			<ymin>9</ymin>
			<xmax>81</xmax>
			<ymax>59</ymax>
		</bndbox>
	</object>
</annotation>
