<annotation>
	<folder>images</folder>
	<filename>21.png</filename>
	<path>/home/epicbuilder2007/PycharmProjects/train/images/21.png</path>
	<source>
		<database>Unknown</database>
	</source>
	<size>
		<width>92</width>
		<height>72</height>
		<depth>3</depth>
	</size>
	<segmented>0</segmented>
	<object>
		<name>Carbon</name>
		<pose>Unspecified</pose>
		<truncated>0</truncated>
		<difficult>0</difficult>
		<bndbox>
			<xmin>3</xmin>
			<ymin>5</ymin>
			<xmax>89</xmax>
			<ymax>67</ymax>
		</bndbox>
	</object>
</annotation>
