<annotation>
	<folder>images</folder>
	<filename>22.png</filename>
	<path>/home/epicbuilder2007/PycharmProjects/train/images/22.png</path>
	<source>
		<database>Unknown</database>
	</source>
	<size>
		<width>98</width>
		<height>73</height>
		<depth>3</depth>
	</size>
	<segmented>0</segmented>
	<object>
		<name>Silicate</name>
		<pose>Unspecified</pose>
		<truncated>0</truncated>
		<difficult>0</difficult>
		<bndbox>
			<xmin>3</xmin>
			<ymin>8</ymin>
			<xmax>92</xmax>
			<ymax>68</ymax>
		</bndbox>
	</object>
</annotation>
