<annotation>
	<folder>images</folder>
	<filename>26.png</filename>
	<path>/home/epicbuilder2007/PycharmProjects/train/images/26.png</path>
	<source>
		<database>Unknown</database>
	</source>
	<size>
		<width>100</width>
		<height>68</height>
		<depth>3</depth>
	</size>
	<segmented>0</segmented>
	<object>
		<name>Silicate</name>
		<pose>Unspecified</pose>
		<truncated>0</truncated>
		<difficult>0</difficult>
		<bndbox>
			<xmin>7</xmin>
			<ymin>4</ymin>
			<xmax>95</xmax>
			<ymax>63</ymax>
		</bndbox>
	</object>
</annotation>
