<annotation>
	<folder>images</folder>
	<filename>3.png</filename>
	<path>/home/epicbuilder2007/PycharmProjects/train/images/3.png</path>
	<source>
		<database>Unknown</database>
	</source>
	<size>
		<width>76</width>
		<height>60</height>
		<depth>3</depth>
	</size>
	<segmented>0</segmented>
	<object>
		<name>Iridium</name>
		<pose>Unspecified</pose>
		<truncated>0</truncated>
		<difficult>0</difficult>
		<bndbox>
			<xmin>3</xmin>
			<ymin>3</ymin>
			<xmax>70</xmax>
			<ymax>54</ymax>
		</bndbox>
	</object>
</annotation>
