<annotation>
	<folder>images</folder>
	<filename>30.png</filename>
	<path>/home/epicbuilder2007/PycharmProjects/train/images/30.png</path>
	<source>
		<database>Unknown</database>
	</source>
	<size>
		<width>80</width>
		<height>67</height>
		<depth>3</depth>
	</size>
	<segmented>0</segmented>
	<object>
		<name>Iridium</name>
		<pose>Unspecified</pose>
		<truncated>0</truncated>
		<difficult>0</difficult>
		<bndbox>
			<xmin>9</xmin>
			<ymin>8</ymin>
			<xmax>75</xmax>
			<ymax>61</ymax>
		</bndbox>
	</object>
</annotation>
