<annotation>
	<folder>images</folder>
	<filename>31.png</filename>
	<path>/home/epicbuilder2007/PycharmProjects/train/images/31.png</path>
	<source>
		<database>Unknown</database>
	</source>
	<size>
		<width>91</width>
		<height>76</height>
		<depth>3</depth>
	</size>
	<segmented>0</segmented>
	<object>
		<name>Silicate</name>
		<pose>Unspecified</pose>
		<truncated>0</truncated>
		<difficult>0</difficult>
		<bndbox>
			<xmin>6</xmin>
			<ymin>9</ymin>
			<xmax>83</xmax>
			<ymax>68</ymax>
		</bndbox>
	</object>
</annotation>
