<annotation>
	<folder>images</folder>
	<filename>32.png</filename>
	<path>/home/epicbuilder2007/PycharmProjects/train/images/32.png</path>
	<source>
		<database>Unknown</database>
	</source>
	<size>
		<width>141</width>
		<height>113</height>
		<depth>3</depth>
	</size>
	<segmented>0</segmented>
	<object>
		<name>Carbon</name>
		<pose>Unspecified</pose>
		<truncated>0</truncated>
		<difficult>0</difficult>
		<bndbox>
			<xmin>36</xmin>
			<ymin>30</ymin>
			<xmax>112</xmax>
			<ymax>81</ymax>
		</bndbox>
	</object>
</annotation>
