<annotation>
	<folder>images</folder>
	<filename>34.png</filename>
	<path>/home/epicbuilder2007/PycharmProjects/train/images/34.png</path>
	<source>
		<database>Unknown</database>
	</source>
	<size>
		<width>97</width>
		<height>84</height>
		<depth>3</depth>
	</size>
	<segmented>0</segmented>
	<object>
		<name>Silicate</name>
		<pose>Unspecified</pose>
		<truncated>0</truncated>
		<difficult>0</difficult>
		<bndbox>
			<xmin>13</xmin>
			<ymin>17</ymin>
			<xmax>86</xmax>
			<ymax>67</ymax>
		</bndbox>
	</object>
</annotation>
