<annotation>
	<folder>images</folder>
	<filename>35.png</filename>
	<path>/home/epicbuilder2007/PycharmProjects/train/images/35.png</path>
	<source>
		<database>Unknown</database>
	</source>
	<size>
		<width>108</width>
		<height>69</height>
		<depth>3</depth>
	</size>
	<segmented>0</segmented>
	<object>
		<name>Iridium</name>
		<pose>Unspecified</pose>
		<truncated>0</truncated>
		<difficult>0</difficult>
		<bndbox>
			<xmin>15</xmin>
			<ymin>8</ymin>
			<xmax>87</xmax>
			<ymax>59</ymax>
		</bndbox>
	</object>
</annotation>
