<annotation>
	<folder>images</folder>
	<filename>36.png</filename>
	<path>/home/epicbuilder2007/PycharmProjects/train/images/36.png</path>
	<source>
		<database>Unknown</database>
	</source>
	<size>
		<width>79</width>
		<height>74</height>
		<depth>3</depth>
	</size>
	<segmented>0</segmented>
	<object>
		<name>Iridium</name>
		<pose>Unspecified</pose>
		<truncated>0</truncated>
		<difficult>0</difficult>
		<bndbox>
			<xmin>4</xmin>
			<ymin>12</ymin>
			<xmax>71</xmax>
			<ymax>63</ymax>
		</bndbox>
	</object>
</annotation>
