<annotation>
	<folder>images</folder>
	<filename>39.png</filename>
	<path>/home/epicbuilder2007/PycharmProjects/train/images/39.png</path>
	<source>
		<database>Unknown</database>
	</source>
	<size>
		<width>84</width>
		<height>58</height>
		<depth>3</depth>
	</size>
	<segmented>0</segmented>
	<object>
		<name>Silicate</name>
		<pose>Unspecified</pose>
		<truncated>0</truncated>
		<difficult>0</difficult>
		<bndbox>
			<xmin>3</xmin>
			<ymin>6</ymin>
			<xmax>73</xmax>
			<ymax>54</ymax>
		</bndbox>
	</object>
</annotation>
