<annotation>
	<folder>images</folder>
	<filename>4.png</filename>
	<path>/home/epicbuilder2007/PycharmProjects/train/images/4.png</path>
	<source>
		<database>Unknown</database>
	</source>
	<size>
		<width>96</width>
		<height>76</height>
		<depth>3</depth>
	</size>
	<segmented>0</segmented>
	<object>
		<name>Carbon</name>
		<pose>Unspecified</pose>
		<truncated>1</truncated>
		<difficult>0</difficult>
		<bndbox>
			<xmin>7</xmin>
			<ymin>13</ymin>
			<xmax>96</xmax>
			<ymax>71</ymax>
		</bndbox>
	</object>
</annotation>
