<annotation>
	<folder>images</folder>
	<filename>40.png</filename>
	<path>/home/epicbuilder2007/PycharmProjects/train/images/40.png</path>
	<source>
		<database>Unknown</database>
	</source>
	<size>
		<width>95</width>
		<height>76</height>
		<depth>3</depth>
	</size>
	<segmented>0</segmented>
	<object>
		<name>Carbon</name>
		<pose>Unspecified</pose>
		<truncated>0</truncated>
		<difficult>0</difficult>
		<bndbox>
			<xmin>18</xmin>
			<ymin>15</ymin>
			<xmax>86</xmax>
			<ymax>66</ymax>
		</bndbox>
	</object>
</annotation>
