<annotation>
	<folder>images</folder>
	<filename>41.png</filename>
	<path>/home/epicbuilder2007/PycharmProjects/train/images/41.png</path>
	<source>
		<database>Unknown</database>
	</source>
	<size>
		<width>117</width>
		<height>81</height>
		<depth>3</depth>
	</size>
	<segmented>0</segmented>
	<object>
		<name>Carbon</name>
		<pose>Unspecified</pose>
		<truncated>0</truncated>
		<difficult>0</difficult>
		<bndbox>
			<xmin>8</xmin>
			<ymin>11</ymin>
			<xmax>88</xmax>
			<ymax>69</ymax>
		</bndbox>
	</object>
</annotation>
