<annotation>
	<folder>images</folder>
	<filename>43.png</filename>
	<path>/home/epicbuilder2007/PycharmProjects/train/images/43.png</path>
	<source>
		<database>Unknown</database>
	</source>
	<size>
		<width>101</width>
		<height>83</height>
		<depth>3</depth>
	</size>
	<segmented>0</segmented>
	<object>
		<name>Iridium</name>
		<pose>Unspecified</pose>
		<truncated>0</truncated>
		<difficult>0</difficult>
		<bndbox>
			<xmin>8</xmin>
			<ymin>12</ymin>
			<xmax>93</xmax>
			<ymax>73</ymax>
		</bndbox>
	</object>
</annotation>
