<annotation>
	<folder>images</folder>
	<filename>49.png</filename>
	<path>/home/epicbuilder2007/PycharmProjects/train/images/49.png</path>
	<source>
		<database>Unknown</database>
	</source>
	<size>
		<width>85</width>
		<height>70</height>
		<depth>3</depth>
	</size>
	<segmented>0</segmented>
	<object>
		<name>Silicate</name>
		<pose>Unspecified</pose>
		<truncated>0</truncated>
		<difficult>0</difficult>
		<bndbox>
			<xmin>4</xmin>
			<ymin>7</ymin>
			<xmax>82</xmax>
			<ymax>62</ymax>
		</bndbox>
	</object>
</annotation>
