<annotation>
	<folder>images</folder>
	<filename>53.png</filename>
	<path>/home/epicbuilder2007/PycharmProjects/train/images/53.png</path>
	<source>
		<database>Unknown</database>
	</source>
	<size>
		<width>161</width>
		<height>140</height>
		<depth>3</depth>
	</size>
	<segmented>0</segmented>
	<object>
		<name>Silicate</name>
		<pose>Unspecified</pose>
		<truncated>0</truncated>
		<difficult>0</difficult>
		<bndbox>
			<xmin>34</xmin>
			<ymin>36</ymin>
			<xmax>128</xmax>
			<ymax>99</ymax>
		</bndbox>
	</object>
</annotation>
