<annotation>
	<folder>images</folder>
	<filename>54.png</filename>
	<path>/home/epicbuilder2007/PycharmProjects/train/images/54.png</path>
	<source>
		<database>Unknown</database>
	</source>
	<size>
		<width>107</width>
		<height>90</height>
		<depth>3</depth>
	</size>
	<segmented>0</segmented>
	<object>
		<name>Carbon</name>
		<pose>Unspecified</pose>
		<truncated>0</truncated>
		<difficult>0</difficult>
		<bndbox>
			<xmin>12</xmin>
			<ymin>10</ymin>
			<xmax>99</xmax>
			<ymax>72</ymax>
		</bndbox>
	</object>
</annotation>
