<annotation>
	<folder>images</folder>
	<filename>55.png</filename>
	<path>/home/epicbuilder2007/PycharmProjects/train/images/55.png</path>
	<source>
		<database>Unknown</database>
	</source>
	<size>
		<width>85</width>
		<height>82</height>
		<depth>3</depth>
	</size>
	<segmented>0</segmented>
	<object>
		<name>Silicate</name>
		<pose>Unspecified</pose>
		<truncated>0</truncated>
		<difficult>0</difficult>
		<bndbox>
			<xmin>5</xmin>
			<ymin>11</ymin>
			<xmax>83</xmax>
			<ymax>71</ymax>
		</bndbox>
	</object>
</annotation>
