<annotation>
	<folder>images</folder>
	<filename>6.png</filename>
	<path>/home/epicbuilder2007/PycharmProjects/train/images/6.png</path>
	<source>
		<database>Unknown</database>
	</source>
	<size>
		<width>81</width>
		<height>76</height>
		<depth>3</depth>
	</size>
	<segmented>0</segmented>
	<object>
		<name>Silicate</name>
		<pose>Unspecified</pose>
		<truncated>1</truncated>
		<difficult>0</difficult>
		<bndbox>
			<xmin>1</xmin>
			<ymin>7</ymin>
			<xmax>77</xmax>
			<ymax>68</ymax>
		</bndbox>
	</object>
</annotation>
