<annotation>
	<folder>images</folder>
	<filename>61.png</filename>
	<path>/home/epicbuilder2007/PycharmProjects/train/images/61.png</path>
	<source>
		<database>Unknown</database>
	</source>
	<size>
		<width>88</width>
		<height>86</height>
		<depth>3</depth>
	</size>
	<segmented>0</segmented>
	<object>
		<name>Silicate</name>
		<pose>Unspecified</pose>
		<truncated>0</truncated>
		<difficult>0</difficult>
		<bndbox>
			<xmin>7</xmin>
			<ymin>14</ymin>
			<xmax>84</xmax>
			<ymax>69</ymax>
		</bndbox>
	</object>
</annotation>
