<annotation>
	<folder>images</folder>
	<filename>63.png</filename>
	<path>/home/epicbuilder2007/PycharmProjects/train/images/63.png</path>
	<source>
		<database>Unknown</database>
	</source>
	<size>
		<width>93</width>
		<height>96</height>
		<depth>3</depth>
	</size>
	<segmented>0</segmented>
	<object>
		<name>Carbon</name>
		<pose>Unspecified</pose>
		<truncated>0</truncated>
		<difficult>0</difficult>
		<bndbox>
			<xmin>8</xmin>
			<ymin>25</ymin>
			<xmax>83</xmax>
			<ymax>74</ymax>
		</bndbox>
	</object>
</annotation>
