<annotation>
	<folder>images</folder>
	<filename>64.png</filename>
	<path>/home/epicbuilder2007/PycharmProjects/train/images/64.png</path>
	<source>
		<database>Unknown</database>
	</source>
	<size>
		<width>104</width>
		<height>84</height>
		<depth>3</depth>
	</size>
	<segmented>0</segmented>
	<object>
		<name>Silicate</name>
		<pose>Unspecified</pose>
		<truncated>0</truncated>
		<difficult>0</difficult>
		<bndbox>
			<xmin>6</xmin>
			<ymin>13</ymin>
			<xmax>97</xmax>
			<ymax>76</ymax>
		</bndbox>
	</object>
</annotation>
