<annotation>
	<folder>images</folder>
	<filename>67.png</filename>
	<path>/home/epicbuilder2007/PycharmProjects/train/images/67.png</path>
	<source>
		<database>Unknown</database>
	</source>
	<size>
		<width>110</width>
		<height>97</height>
		<depth>3</depth>
	</size>
	<segmented>0</segmented>
	<object>
		<name>Silicate</name>
		<pose>Unspecified</pose>
		<truncated>0</truncated>
		<difficult>0</difficult>
		<bndbox>
			<xmin>14</xmin>
			<ymin>22</ymin>
			<xmax>92</xmax>
			<ymax>81</ymax>
		</bndbox>
	</object>
</annotation>
