<annotation>
	<folder>images</folder>
	<filename>69.png</filename>
	<path>/home/epicbuilder2007/PycharmProjects/train/images/69.png</path>
	<source>
		<database>Unknown</database>
	</source>
	<size>
		<width>119</width>
		<height>91</height>
		<depth>3</depth>
	</size>
	<segmented>0</segmented>
	<object>
		<name>Iridium</name>
		<pose>Unspecified</pose>
		<truncated>0</truncated>
		<difficult>0</difficult>
		<bndbox>
			<xmin>20</xmin>
			<ymin>14</ymin>
			<xmax>105</xmax>
			<ymax>76</ymax>
		</bndbox>
	</object>
</annotation>
