<annotation>
	<folder>images</folder>
	<filename>7.png</filename>
	<path>/home/epicbuilder2007/PycharmProjects/train/images/7.png</path>
	<source>
		<database>Unknown</database>
	</source>
	<size>
		<width>87</width>
		<height>81</height>
		<depth>3</depth>
	</size>
	<segmented>0</segmented>
	<object>
		<name>Silicate</name>
		<pose>Unspecified</pose>
		<truncated>0</truncated>
		<difficult>0</difficult>
		<bndbox>
			<xmin>8</xmin>
			<ymin>18</ymin>
			<xmax>80</xmax>
			<ymax>71</ymax>
		</bndbox>
	</object>
</annotation>
