<annotation>
	<folder>images</folder>
	<filename>71.png</filename>
	<path>/home/epicbuilder2007/PycharmProjects/train/images/71.png</path>
	<source>
		<database>Unknown</database>
	</source>
	<size>
		<width>87</width>
		<height>75</height>
		<depth>3</depth>
	</size>
	<segmented>0</segmented>
	<object>
		<name>Carbon</name>
		<pose>Unspecified</pose>
		<truncated>0</truncated>
		<difficult>0</difficult>
		<bndbox>
			<xmin>11</xmin>
			<ymin>8</ymin>
			<xmax>80</xmax>
			<ymax>63</ymax>
		</bndbox>
	</object>
</annotation>
