<annotation>
	<folder>images</folder>
	<filename>72.png</filename>
	<path>/home/epicbuilder2007/PycharmProjects/train/images/72.png</path>
	<source>
		<database>Unknown</database>
	</source>
	<size>
		<width>94</width>
		<height>73</height>
		<depth>3</depth>
	</size>
	<segmented>0</segmented>
	<object>
		<name>Carbon</name>
		<pose>Unspecified</pose>
		<truncated>0</truncated>
		<difficult>0</difficult>
		<bndbox>
			<xmin>12</xmin>
			<ymin>11</ymin>
			<xmax>88</xmax>
			<ymax>62</ymax>
		</bndbox>
	</object>
</annotation>
