<annotation>
	<folder>images</folder>
	<filename>74.png</filename>
	<path>/home/epicbuilder2007/PycharmProjects/train/images/74.png</path>
	<source>
		<database>Unknown</database>
	</source>
	<size>
		<width>114</width>
		<height>92</height>
		<depth>3</depth>
	</size>
	<segmented>0</segmented>
	<object>
		<name>Silicate</name>
		<pose>Unspecified</pose>
		<truncated>0</truncated>
		<difficult>0</difficult>
		<bndbox>
			<xmin>12</xmin>
			<ymin>15</ymin>
			<xmax>102</xmax>
			<ymax>75</ymax>
		</bndbox>
	</object>
</annotation>
