<annotation>
	<folder>images</folder>
	<filename>8.png</filename>
	<path>/home/epicbuilder2007/PycharmProjects/train/images/8.png</path>
	<source>
		<database>Unknown</database>
	</source>
	<size>
		<width>91</width>
		<height>62</height>
		<depth>3</depth>
	</size>
	<segmented>0</segmented>
	<object>
		<name>Carbon</name>
		<pose>Unspecified</pose>
		<truncated>0</truncated>
		<difficult>0</difficult>
		<bndbox>
			<xmin>8</xmin>
			<ymin>6</ymin>
			<xmax>87</xmax>
			<ymax>58</ymax>
		</bndbox>
	</object>
</annotation>
