<annotation>
	<folder>images</folder>
	<filename>9.png</filename>
	<path>/home/epicbuilder2007/PycharmProjects/train/images/9.png</path>
	<source>
		<database>Unknown</database>
	</source>
	<size>
		<width>75</width>
		<height>66</height>
		<depth>3</depth>
	</size>
	<segmented>0</segmented>
	<object>
		<name>Silicate</name>
		<pose>Unspecified</pose>
		<truncated>0</truncated>
		<difficult>0</difficult>
		<bndbox>
			<xmin>5</xmin>
			<ymin>7</ymin>
			<xmax>73</xmax>
			<ymax>52</ymax>
		</bndbox>
	</object>
</annotation>
